Rechnungsnr.;Betreff;Kunde;Land;Projekt;Kundennummer;Datum;Fälligkeitsdatum;Status;Typ;Netto;USt.;Brutto;Skonto;Bezahlt;letztes Bezahldatum;Notiz;Mahnungsdatum;Waren & Dienstleistungen
R-00520;Rechnung für Ihren Deutschkurs – September 2026;Tetiiana Kruhla;Deutschland;"";K-00265;27.09.2026;11.10.2026;Unbezahlt;Rechnung;25,00;0,00;25,00;0,00;0,00;"";Rechnung basiert auf Rechnung R-00519.;"";SLA-Level-1
R-00515;Rechnung für Ihren Deutschkurs – September 2026;Людмила Коваль;Deutschland;"";K-00187;27.09.2026;11.10.2026;Unbezahlt;Rechnung;24,50;0,00;24,50;0,00;0,00;"";Rechnung basiert auf Rechnung R-00436.;"";SLA-Speech-A1-B1
R-00516;Rechnung für Ihren Deutschkurs – September 2026;Vira Kononenko;Deutschland;"";K-00104;27.09.2026;11.10.2026;Unbezahlt;Rechnung;21,00;0,00;21,00;0,00;0,00;"";Rechnung basiert auf Rechnung R-00477.;"";SLA-Speech-A1-B1
R-00517;Rechnung für Ihren Deutschkurs – September 2026;Natalia Hladchenko;Deutschland;"";K-00288;27.09.2026;11.10.2026;Unbezahlt;Rechnung;10,50;0,00;10,50;0,00;0,00;"";Rechnung basiert auf Rechnung .;"";SLA-Speech-A1-B1
R-00518;Rechnung für Ihren Deutschkurs – September 2026;Liudmyla Matrosova;Deutschland;"";K-00255;27.09.2026;11.10.2026;Unbezahlt;Rechnung;10,50;0,00;10,50;0,00;0,00;"";Rechnung basiert auf Rechnung R-00473.;"";SLA-Speech-A1-B1
R-00519;Rechnung für Ihren Deutschkurs – September 2026;Anna Cherniakhivska;Deutschland;"";K-00266;27.09.2026;11.10.2026;Unbezahlt;Rechnung;25,00;0,00;25,00;0,00;0,00;"";Rechnung basiert auf Rechnung R-00514.;"";SLA-Level-1
R-00514;Rechnung für Ihren Deutschkurs – September 2026;Olena Hryshko;Deutschland;"";K-00282;22.09.2026;06.10.2026;Gemahnt;Rechnung;30,50;0,00;30,50;0,00;0,00;"";Rechnung basiert auf Rechnung R-00511.;27.09.2026;SLA-Level-1, SLA-Level-2, SLA-Speech-A1-B1
R-00512;Rechnung für Ihren Deutschkurs – September 2026;Agnesa Barcari;Deutschland;"";K-00287;18.09.2026;02.10.2026;Bezahlt;Rechnung;50,00;0,00;50,00;0,00;50,00;2026-09-23;Rechnung basiert auf Rechnung R-00486.;"";SLA-A11-Online
R-00510;Rechnung für Ihren Deutschkurs – September 2026;Galyna Golunova;Deutschland;"";K-00283;16.09.2026;30.09.2026;Bezahlt;Rechnung;13,50;0,00;13,50;0,00;13,50;2026-09-22;Rechnung basiert auf Rechnung R-00509.;"";SLA-Level-1, SLA-Speech-A1-B1
R-00509;Rechnung für Ihren Deutschkurs – September 2026;Maryna Kotova;Deutschland;"";K-00281;15.09.2026;29.09.2026;Bezahlt;Rechnung;25,00;0,00;25,00;0,00;25,00;2026-09-21;Rechnung basiert auf Rechnung R-00456.;"";SLA-Level-1, SLA-Level-2
R-00508;Rechnung für Ihren Deutschkurs – September 2026;Olesia Herasymenko;Deutschland;"";K-00243;10.09.2026;24.09.2026;Bezahlt;Rechnung;17,50;0,00;17,50;0,00;17,50;2026-09-10;Rechnung basiert auf Rechnung R-00437.;"";SLA-Speech-A1-B1
R-00507;Rechnung für Ihren Deutschkurs – September 2026;Vladyslav Klymenko;Deutschland;"";K-00278;10.09.2026;24.09.2026;Bezahlt;Rechnung;35,50;0,00;35,50;0,00;35,50;2026-09-21;Rechnung basiert auf Rechnung .;"";SLA-Level-1, SLA-Level-2, SLA-Speech-A1-B1
R-00506;Rechnung für Ihren Deutschkurs – September 2026;Nataliia Stepanova;Deutschland;"";K-00279;10.09.2026;24.09.2026;Bezahlt;Rechnung;35,50;0,00;35,50;0,00;35,50;2026-09-24;Rechnung basiert auf Rechnung .;"";SLA-Level-1, SLA-Level-2, SLA-Speech-A1-B1
R-00505;Rechnung für Ihren Deutschkurs – September 2026;Anna Stepanova;Deutschland;"";K-00280;10.09.2026;24.09.2026;Bezahlt;Rechnung;35,50;0,00;35,50;0,00;35,50;2026-09-24;Rechnung basiert auf Rechnung R-00460.;"";SLA-Level-1, SLA-Level-2, SLA-Speech-A1-B1
R-00504;Rechnung für Ihren Deutschkurs – September 2026;Polina Novikova;Deutschland;"";K-00277;10.09.2026;24.09.2026;Bezahlt;Rechnung;15,00;0,00;15,00;0,00;15,00;2026-09-17;Rechnung basiert auf Rechnung R-00501.;"";SLA-Level-1
R-00503;Rechnung für Ihren Deutschkurs – September 2026;Andrii Yeromin;Deutschland;"";K-00188;10.09.2026;24.09.2026;Bezahlt;Rechnung;30,00;0,00;30,00;0,00;30,00;2026-09-11;Rechnung basiert auf Rechnung R-00441.;"";SLA-Level-2
R-00501;Rechnung für Ihren Deutschkurs – September 2026;Khrystyna Sharlai;Deutschland;"";K-00238;08.09.2026;22.09.2026;Bezahlt;Rechnung;46,00;0,00;46,00;0,00;46,00;2026-09-09;Rechnung basiert auf Rechnung R-00493.;"";SLA-Level-1, SLA-Speech-A1-B1
R-00502;Rechnung für Ihren Deutschkurs – September 2026;Halyna Sharlai;Deutschland;"";K-00235;08.09.2026;22.09.2026;Bezahlt;Rechnung;25,00;0,00;25,00;0,00;25,00;2026-09-09;Rechnung basiert auf Rechnung R-00492.;"";SLA-Level-1
R-00500;Rechnung für Ihren Deutschkurs – September 2026;Viktoriia Dzhamalova;Deutschland;"";K-00275;08.09.2026;22.09.2026;Bezahlt;Rechnung;30,50;0,00;30,50;0,00;30,50;2026-09-15;Rechnung basiert auf Rechnung R-00485.;"";SLA-Level-1, SLA-Speech-A1-B1
R-00499;Rechnung für Ihren Deutschkurs – September 2026;Viktoriia Morhunska;Deutschland;"";K-00222;08.09.2026;22.09.2026;Bezahlt;Rechnung;60,00;0,00;60,00;0,00;60,00;2026-09-09;Rechnung basiert auf Rechnung R-00447.;"";SLA-A11-Online
R-00498;Rechnung für Ihren Deutschkurs – September 2026;Olha Markovska;Deutschland;"";K-00237;07.09.2026;21.09.2026;Bezahlt;Rechnung;46,00;0,00;46,00;0,00;46,00;2026-09-08;Rechnung basiert auf Rechnung R-00457.;"";SLA-Level-1, SLA-Speech-A1-B1
R-00497;Rechnung für Ihren Deutschkurs – September 2026;Oksana Prykhodko;Deutschland;"";K-00174;07.09.2026;21.09.2026;Bezahlt;Rechnung;60,00;0,00;60,00;0,00;60,00;2026-09-10;Rechnung basiert auf Rechnung R-00490.;"";SLA-B1-Online
R-00496;Rechnung für Ihren Deutschkurs – September 2026;Anastasia Serebrova;Deutschland;"";K-00218;07.09.2026;21.09.2026;Bezahlt;Rechnung;60,00;0,00;60,00;0,00;60,00;2026-09-22;Rechnung basiert auf Rechnung R-00489.;"";SLA-B1-Online
R-00495;Rechnung für Ihren Deutschkurs – September 2026;Svetlana Zolotukhina;Deutschland;"";K-00210;07.09.2026;21.09.2026;Bezahlt;Rechnung;60,00;0,00;60,00;0,00;60,00;2026-09-09;Rechnung basiert auf Rechnung R-00488.;"";SLA-B1-Online
R-00494;Rechnung für Ihren Deutschkurs – September 2026;Volodymyr Naumov;Deutschland;"";K-00207;07.09.2026;21.09.2026;Bezahlt;Rechnung;60,00;0,00;60,00;0,00;60,00;2026-09-07;Rechnung basiert auf Rechnung R-00487.;"";SLA-B1-Online
R-00486;Rechnung für Ihren Deutschkurs – September 2026;Inna Dvirna;Deutschland;"";K-00264;05.09.2026;19.09.2026;Bezahlt;Rechnung;80,00;0,00;80,00;0,00;80,00;2026-09-18;Rechnung basiert auf Rechnung R-00433.;"";SLA-A11-Online
R-00484;Rechnung für Ihren Deutschkurs – September 2026;Nilufar Tirkashova;Deutschland;"";K-00276;05.09.2026;19.09.2026;Gemahnt;Rechnung;17,50;0,00;17,50;0,00;0,00;"";Rechnung basiert auf Rechnung .;27.09.2026;SLA-Speech-A1-B1
R-00472;Rechnung für Ihren Deutschkurs – September 2026;Iryna Bordunos;Deutschland;"";K-00147;05.09.2026;19.09.2026;Bezahlt;Rechnung;25,00;0,00;25,00;0,00;25,00;2026-09-08;Rechnung basiert auf Rechnung .;"";SLA-Level-3
R-00454;Rechnung für Ihren Deutschkurs – September 2026;Oleksandra Fliadzhynska;Deutschland;"";K-00258;05.09.2026;19.09.2026;Bezahlt;Rechnung;40,50;0,00;40,50;0,00;40,50;2026-09-15;Rechnung basiert auf Rechnung .;"";SLA-Level-2, SLA-Speech-A1-B1
R-00452;Rechnung für Ihren Deutschkurs – September 2026;Oksana Abramovych;Deutschland;"";K-00130;05.09.2026;19.09.2026;Gemahnt;Rechnung;58,00;0,00;58,00;0,00;0,00;"";Rechnung basiert auf Rechnung .;27.09.2026;SLA-Level-2, SLA-Speech-A1-B1
R-00451;Rechnung für Ihren Deutschkurs – September 2026;Ludmila Cravcenco;Deutschland;"";K-00224;05.09.2026;19.09.2026;Bezahlt;Rechnung;25,00;0,00;25,00;0,00;25,00;2026-09-17;Rechnung basiert auf Rechnung .;"";SLA-Level-3
R-00450;Rechnung für Ihren Deutschkurs – September 2026;Tetiana Hanzha;Deutschland;"";K-00096;05.09.2026;19.09.2026;Bezahlt;Rechnung;30,00;0,00;30,00;0,00;30,00;2026-09-21;Rechnung basiert auf Rechnung .;"";SLA-Level-2
R-00437;Rechnung für Ihren Deutschkurs – September 2026;Алла Король;Deutschland;"";K-00141;05.09.2026;19.09.2026;Bezahlt;Rechnung;47,50;0,00;47,50;0,00;47,50;2026-09-09;Rechnung basiert auf Rechnung .;"";SLA-Level-2, SLA-Speech-A1-B1
R-00440;Rechnung für Ihren Deutschkurs – September 2026;Volodymyr Kosariev;Deutschland;"";K-00106;05.09.2026;19.09.2026;Bezahlt;Rechnung;58,00;0,00;58,00;8,00;50,00;2026-09-15;Rechnung basiert auf Rechnung .;"";SLA-Level-2, SLA-Speech-A1-B1
R-00441;Rechnung für Ihren Deutschkurs – September 2026;Volodymyr Kavatsenko;Deutschland;"";K-00103;05.09.2026;19.09.2026;Bezahlt;Rechnung;58,00;0,00;58,00;0,00;58,00;2026-09-15;Rechnung basiert auf Rechnung .;"";SLA-Level-2, SLA-Speech-A1-B1
R-00448;Rechnung für Ihren Deutschkurs – September 2026;Vitalii Raievskyi;Deutschland;"";K-00217;05.09.2026;19.09.2026;Bezahlt;Rechnung;58,00;0,00;58,00;0,00;58,00;2026-09-07;Rechnung basiert auf Rechnung .;"";SLA-Level-2, SLA-Speech-A1-B1
R-00446;Rechnung für Ihren Deutschkurs – September 2026;Viacheslav Romanika;Deutschland;"";K-00164;05.09.2026;19.09.2026;Bezahlt;Rechnung;30,00;0,00;30,00;0,00;30,00;2026-09-15;Rechnung basiert auf Rechnung .;"";SLA-Level-2
R-00456;Rechnung für Ihren Deutschkurs – September 2026;Tetiana Prykhozhai;Deutschland;"";K-00216;05.09.2026;19.09.2026;Bezahlt;Rechnung;30,00;0,00;30,00;0,00;30,00;2026-09-15;Rechnung basiert auf Rechnung .;"";SLA-Level-2
R-00444;Rechnung für Ihren Deutschkurs – September 2026;Olena Weber-Stohgrina;Deutschland;"";K-00194;05.09.2026;19.09.2026;Überbezahlt;Rechnung;30,00;0,00;30,00;0,00;50,00;2026-09-21;Rechnung basiert auf Rechnung .;"";SLA-Level-2
R-00443;Rechnung für Ihren Deutschkurs – September 2026;Olena Ostroumova;Deutschland;"";K-00214;05.09.2026;19.09.2026;Bezahlt;Rechnung;30,00;0,00;30,00;0,00;30,00;2026-09-15;Rechnung basiert auf Rechnung .;"";SLA-Level-2
R-00449;Rechnung für Ihren Deutschkurs – September 2026;Nataliia Patretna;Deutschland;"";K-00256;05.09.2026;19.09.2026;Bezahlt;Rechnung;30,00;0,00;30,00;0,00;30,00;2026-09-15;Rechnung basiert auf Rechnung .;"";SLA-Level-2
R-00453;Rechnung für Ihren Deutschkurs – September 2026;Svitlana Chervynska;Deutschland;"";K-00259;05.09.2026;19.09.2026;Überbezahlt;Rechnung;25,00;0,00;25,00;0,00;40,00;2026-09-15;Rechnung basiert auf Rechnung .;"";SLA-Level-1
R-00455;Rechnung für Ihren Deutschkurs – September 2026;Svetlana Zubkova;Deutschland;"";K-00140;05.09.2026;19.09.2026;Bezahlt;Rechnung;25,00;0,00;25,00;0,00;25,00;2026-09-15;Rechnung basiert auf Rechnung .;"";SLA-Level-1
R-00458;Rechnung für Ihren Deutschkurs – September 2026;Oleksii Tsyhankov;Deutschland;"";K-00263;05.09.2026;19.09.2026;Bezahlt;Rechnung;35,50;0,00;35,50;0,00;35,50;2026-09-08;Rechnung basiert auf Rechnung .;"";SLA-Level-1, SLA-Speech-A1-B1
R-00460;Rechnung für Ihren Deutschkurs – September 2026;Olena Tsyhankova;Deutschland;"";K-00260;05.09.2026;19.09.2026;Bezahlt;Rechnung;35,50;0,00;35,50;0,00;35,50;2026-09-08;Rechnung basiert auf Rechnung .;"";SLA-Level-1, SLA-Speech-A1-B1
R-00462;Rechnung für Ihren Deutschkurs – September 2026;Nataliia Berdova;Deutschland;"";K-00245;05.09.2026;19.09.2026;Bezahlt;Rechnung;25,00;0,00;25,00;0,00;25,00;2026-09-07;Rechnung basiert auf Rechnung .;"";SLA-Level-1
R-00470;Rechnung für Ihren Deutschkurs – September 2026;Leonila Antisina;Deutschland;"";K-00241;05.09.2026;19.09.2026;Bezahlt;Rechnung;25,00;0,00;25,00;0,00;25,00;2026-09-15;Rechnung basiert auf Rechnung .;"";SLA-Level-1
R-00468;Rechnung für Ihren Deutschkurs – September 2026;Elena Zhernovska;Deutschland;"";K-00228;05.09.2026;19.09.2026;Bezahlt;Rechnung;25,00;0,00;25,00;0,00;25,00;2026-09-21;Rechnung basiert auf Rechnung .;"";SLA-Level-1
R-00461;Rechnung für Ihren Deutschkurs – September 2026;Anastasiia Hrihorenko;Deutschland;"";K-00240;05.09.2026;19.09.2026;Bezahlt;Rechnung;25,00;0,00;25,00;0,00;25,00;2026-09-15;Rechnung basiert auf Rechnung .;"";SLA-Level-1
R-00463;Rechnung für Ihren Deutschkurs – September 2026;Alina Orliva;Deutschland;"";K-00268;05.09.2026;19.09.2026;Bezahlt;Rechnung;28,00;0,00;28,00;3,50;24,50;2026-09-15;Rechnung basiert auf Rechnung .;"";SLA-Speech-A1-B1
R-00426;Rechnung für Ihren Deutschkurs – September 2026;Olena Kozlova;Deutschland;"";K-00244;23.08.2026;06.09.2026;Bezahlt;Rechnung;80,00;0,00;80,00;0,00;80,00;2026-08-31;Rechnung basiert auf Rechnung R-00425.;"";SLA-A11-Online
R-00425;Rechnung für Ihren Deutschkurs – September 2026;Yuliia Mykhailychenko;Deutschland;"";K-00274;23.08.2026;06.09.2026;Bezahlt;Rechnung;80,00;0,00;80,00;0,00;80,00;2026-08-26;Rechnung basiert auf Rechnung R-00424.;"";SLA-A11-Online
R-00424;Rechnung für Ihren Deutschkurs – September 2026;Olesia Markovych;Deutschland;"";K-00273;23.08.2026;06.09.2026;Bezahlt;Rechnung;80,00;0,00;80,00;0,00;80,00;2026-08-31;Rechnung basiert auf Rechnung R-00423.;"";SLA-A11-Online
R-00423;Rechnung für Ihren Deutschkurs – September 2026;Alina Varych;Deutschland;"";K-00269;23.08.2026;06.09.2026;Bezahlt;Rechnung;80,00;0,00;80,00;0,00;80,00;2026-09-09;Rechnung basiert auf Rechnung R-00421.;"";SLA-A11-Online

